"TrajNum","MetNum","Year","Month","Day","Hour","Min","ForecastHour","AgeTraj","Lat","Lon","Elev","PRESSURE","AIR_TEMP","MIXDEPTH","TERR_MSL","PBL","ID","YMD","ID2"
1,1,13,6,15,21,0,3,0,51.6,-66.425,1086.5,818.4,273.6,1810.9,568,0.6,"2013-06-15-18:00-0.6","2013-06-15","2013-06-15-18:00-0.6-1"
1,1,13,6,15,22,0,2,1,51.482,-66.159,1180.9,806.4,272.4,2030,591.2,0.6,"2013-06-15-18:00-0.6","2013-06-15","2013-06-15-18:00-0.6-1"
1,1,13,6,15,23,0,1,2,51.376,-65.873,1337.2,788.1,270.8,1941,615.2,0.6,"2013-06-15-18:00-0.6","2013-06-15","2013-06-15-18:00-0.6-1"
1,1,13,6,16,0,0,0,3,51.268,-65.562,1458.3,775.4,269.6,1808.6,625.4,0.6,"2013-06-15-18:00-0.6","2013-06-15","2013-06-15-18:00-0.6-1"
1,1,13,6,16,1,0,1,4,51.179,-65.25,1497.6,775.3,269.6,1494.7,577.4,0.6,"2013-06-15-18:00-0.6","2013-06-15","2013-06-15-18:00-0.6-1"
1,1,13,6,16,2,0,2,5,51.096,-64.962,1454.3,784.6,270.1,1296.4,521.6,0.6,"2013-06-15-18:00-0.6","2013-06-15","2013-06-15-18:00-0.6-1"
1,1,13,6,16,3,0,3,6,50.987,-64.693,1490.6,784.2,270,1142.6,480.9,0.6,"2013-06-15-18:00-0.6","2013-06-15","2013-06-15-18:00-0.6-1"
1,1,13,6,16,4,0,2,7,50.904,-64.407,1495.7,789,269.8,1051.8,426.1,0.6,"2013-06-15-18:00-0.6","2013-06-15","2013-06-15-18:00-0.6-1"
1,1,13,6,16,5,0,1,8,50.817,-64.088,1424.8,802.2,270.4,794,363.2,0.6,"2013-06-15-18:00-0.6","2013-06-15","2013-06-15-18:00-0.6-1"
1,1,13,6,16,6,0,0,9,50.728,-63.768,1330.8,816.5,271.1,627.1,313.1,0.6,"2013-06-15-18:00-0.6","2013-06-15","2013-06-15-18:00-0.6-1"
1,1,13,6,15,23,0,1,0,51.6,-66.425,943.8,832.8,273.2,1573.1,568,0.6,"2013-06-15-20:00-0.6","2013-06-15","2013-06-15-20:00-0.6-1"
1,1,13,6,16,0,0,0,1,51.463,-66.093,1009.1,822.5,272.8,1810.4,601.4,0.6,"2013-06-15-20:00-0.6","2013-06-15","2013-06-15-20:00-0.6-1"
1,1,13,6,16,1,0,1,2,51.338,-65.788,1071.1,813.4,272,1412.3,621.9,0.6,"2013-06-15-20:00-0.6","2013-06-15","2013-06-15-20:00-0.6-1"
1,1,13,6,16,2,0,2,3,51.22,-65.51,1042.4,815.5,271.8,1015.8,621.9,0.6,"2013-06-15-20:00-0.6","2013-06-15","2013-06-15-20:00-0.6-1"
1,1,13,6,16,3,0,3,4,51.056,-65.225,882.9,837.6,272.4,870.7,565.2,0.6,"2013-06-15-20:00-0.6","2013-06-15","2013-06-15-20:00-0.6-1"
1,1,13,6,16,4,0,2,5,50.824,-64.874,749,858.9,274.1,1062,495.3,0.6,"2013-06-15-20:00-0.6","2013-06-15","2013-06-15-20:00-0.6-1"
1,1,13,6,16,5,0,1,6,50.628,-64.489,638,893.2,276.2,990.1,295,0.6,"2013-06-15-20:00-0.6","2013-06-15","2013-06-15-20:00-0.6-1"
1,1,13,6,16,6,0,0,7,50.427,-64.082,511,925.2,277.2,875.4,131.7,0.6,"2013-06-15-20:00-0.6","2013-06-15","2013-06-15-20:00-0.6-1"
1,1,13,6,16,7,0,1,8,50.239,-63.661,363.6,955.8,280.3,415.9,12.6,0.6,"2013-06-15-20:00-0.6","2013-06-15","2013-06-15-20:00-0.6-1"
1,1,13,6,16,8,0,2,9,50.129,-63.162,295.8,965.2,280.7,673.8,0,0.6,"2013-06-15-20:00-0.6","2013-06-15","2013-06-15-20:00-0.6-1"
1,1,13,6,16,1,0,1,0,51.6,-66.425,703.8,857.5,273.6,1173,568,0.6,"2013-06-15-22:00-0.6","2013-06-15","2013-06-15-22:00-0.6-1"
1,1,13,6,16,2,0,2,1,51.42,-66.043,688.3,854.8,273.3,1016.6,602.6,0.6,"2013-06-15-22:00-0.6","2013-06-15","2013-06-15-22:00-0.6-1"
1,1,13,6,16,3,0,3,2,51.207,-65.677,627.8,857.8,272.5,619,629,0.6,"2013-06-15-22:00-0.6","2013-06-15","2013-06-15-22:00-0.6-1"
1,1,13,6,16,4,0,2,3,50.96,-65.289,489.9,880,275.1,1069.3,560.8,0.6,"2013-06-15-22:00-0.6","2013-06-15","2013-06-15-22:00-0.6-1"
1,1,13,6,16,5,0,1,4,50.749,-64.907,374.7,904.9,277.2,1019.2,451.2,0.6,"2013-06-15-22:00-0.6","2013-06-15","2013-06-15-22:00-0.6-1"
1,1,13,6,16,6,0,0,5,50.591,-64.541,251,938.4,278.5,870,283.4,0.6,"2013-06-15-22:00-0.6","2013-06-15","2013-06-15-22:00-0.6-1"
1,1,13,6,16,7,0,1,6,50.463,-64.208,157.2,962.9,279.9,725.2,163.4,0.6,"2013-06-15-22:00-0.6","2013-06-15","2013-06-15-22:00-0.6-1"
1,1,13,6,16,8,0,2,7,50.386,-63.902,105.4,976.8,280.8,570,95.5,0.6,"2013-06-15-22:00-0.6","2013-06-15","2013-06-15-22:00-0.6-1"
1,1,13,6,16,9,0,3,8,50.349,-63.581,82.4,983.3,280.8,539.9,61.3,0.6,"2013-06-15-22:00-0.6","2013-06-15","2013-06-15-22:00-0.6-1"
1,1,13,6,16,10,0,2,9,50.316,-63.233,71.7,987.4,281.6,708.7,35,0.6,"2013-06-15-22:00-0.6","2013-06-15","2013-06-15-22:00-0.6-1"
1,1,13,6,16,3,0,3,0,51.6,-66.425,371.3,893,273.4,618.9,568,0.6,"2013-06-15-24:00-0.6","2013-06-15","2013-06-15-24:00-0.6-1"
1,1,13,6,16,4,0,2,1,51.385,-65.981,344.5,891.8,273.9,610.7,603.8,0.6,"2013-06-15-24:00-0.6","2013-06-15","2013-06-15-24:00-0.6-1"
1,1,13,6,16,5,0,1,2,51.189,-65.568,338.5,889.7,274.5,883.3,627.1,0.6,"2013-06-15-24:00-0.6","2013-06-15","2013-06-15-24:00-0.6-1"
1,1,13,6,16,6,0,0,3,51.013,-65.167,291.7,903.5,275.9,1001.3,550.6,0.6,"2013-06-15-24:00-0.6","2013-06-15","2013-06-15-24:00-0.6-1"
1,1,13,6,16,7,0,1,4,50.849,-64.778,234.8,916.8,276.3,732.2,486.7,0.6,"2013-06-15-24:00-0.6","2013-06-15","2013-06-15-24:00-0.6-1"
1,1,13,6,16,8,0,2,5,50.714,-64.425,124.3,948.1,278.1,696,324.7,0.6,"2013-06-15-24:00-0.6","2013-06-15","2013-06-15-24:00-0.6-1"
1,1,13,6,16,9,0,3,6,50.645,-64.131,81,960.8,279,628.6,253.4,0.6,"2013-06-15-24:00-0.6","2013-06-15","2013-06-15-24:00-0.6-1"
1,1,13,6,16,10,0,2,7,50.589,-63.855,71,964.8,280,710.1,230.5,0.6,"2013-06-15-24:00-0.6","2013-06-15","2013-06-15-24:00-0.6-1"
1,1,13,6,16,11,0,1,8,50.527,-63.586,71.3,969.5,281,792.4,186.9,0.6,"2013-06-15-24:00-0.6","2013-06-15","2013-06-15-24:00-0.6-1"
1,1,13,6,16,12,0,0,9,50.467,-63.3,80.5,975.7,282.1,875.7,121.3,0.6,"2013-06-15-24:00-0.6","2013-06-15","2013-06-15-24:00-0.6-1"
